{"cameraMode":{"drawMode":0,"name":"Shaded","section":"Shading Mode"},"sceneLighting":true,"audioPlay":false,"sceneViewState":{"m_AlwaysRefresh":false,"showFog":true,"showSkybox":true,"showFlares":true,"showImageEffects":true,"showParticleSystems":true,"showVisualEffectGraphs":true,"m_FxEnabled":true},"in2DMode":false,"pivot":{"x":6.302182197570801,"y":6.981142520904541,"z":-22.863887786865236},"rotation":{"x":-0.08719858527183533,"y":-0.0008994347299449146,"z":0.00008086625166470185,"w":-0.9961779713630676},"size":2.054035186767578,"orthographic":false}