{"cameraMode":{"drawMode":0,"name":"Shaded","section":"Shading Mode"},"sceneLighting":true,"audioPlay":false,"sceneViewState":{"m_AlwaysRefresh":false,"showFog":true,"showSkybox":true,"showFlares":true,"showImageEffects":true,"showParticleSystems":true,"showVisualEffectGraphs":true,"m_FxEnabled":true},"in2DMode":false,"pivot":{"x":6.3837761878967289,"y":10.080227851867676,"z":-8.423524856567383},"rotation":{"x":-0.10635592043399811,"y":-0.06795964390039444,"z":0.007285687141120434,"w":-0.9919586777687073},"size":8.709626197814942,"orthographic":false}